번호,기업명,뉴스
1,AJ네트웍스,
2,AK홀딩스,
3,BGF,
4,BGF리테일,
5,BNK금융지주,
6,BYC,
7,CJ,
8,CJ CGV,
9,CJ대한통운,
10,CJ씨푸드,
11,CJ제일제당,
12,CS홀딩스,
13,DB,
14,DB금융투자,
15,DB손해보험,
16,DB하이텍,
17,DGB금융지주,
18,DI동일,
19,DRB동일,
20,DSR,
21,DSR제강,
22,E1,
23,F&F,
24,GKL,
25,GS,
26,GS건설,
27,GS글로벌,
28,GS리테일,
29,HDC,
30,HDC아이콘트롤스,
31,HDC현대EP,
32,HDC현대산업개발,
33,HMM,
34,HSD엔진,
35,IHQ,
36,JB금융지주,
37,JW생명과학,
38,JW중외제약,
39,JW홀딩스,
40,KB금융,
41,KCC,
42,KCTC,
43,KC그린홀딩스,
44,KC코트렐,
45,KEC,
46,KG동부제철,
47,KG케미칼,
48,KISCO홀딩스,
49,KPX케미칼,
50,KPX홀딩스,
51,KR모터스,
52,KSS해운,
53,KT,
54,KT&G,
55,KTB투자증권,
56,KTcs,
57,KTis,
58,LF,
59,LG,
60,LG디스플레이,
61,LG상사,
62,LG생활건강,
63,LG유플러스,
64,LG이노텍,
65,LG전자,
66,LG하우시스,
67,LG헬로비전,
68,LG화학,
69,LIG넥스원,
70,LS,
71,LS ELECTRIC,
72,LS네트웍스,
73,LS전선아시아,
74,MH에탄올,
75,NAVER,
76,NHN,
77,NH투자증권,
78,NH프라임리츠,
79,NICE,
80,NI스틸,
81,NPC,
82,OCI,
83,POSCO,
84,S&TC,
85,S&T모티브,
86,S&T중공업,
87,S&T홀딩스,
88,S-Oil,
89,SBS,
90,SBS미디어홀딩스,
91,SG세계물산,
92,SG충방,
93,SH에너지화학,
94,SIMPAC,
95,SJM,
96,SJM홀딩스,
97,SK,
98,SKC,
99,SK가스,
100,SK네트웍스,
101,SK디스커버리,
102,SK디앤디,
103,SK렌터카,
104,SK바이오팜,
105,SK이노베이션,
106,SK증권,
107,SK케미칼,
108,SK텔레콤,
109,SK하이닉스,
110,SPC삼립,
111,STX,
112,STX엔진,
113,STX중공업,
114,TBH글로벌,
115,TCC스틸,
116,WISCOM,
117,YG PLUS,
118,가온전선,
119,강남제비스코,
120,강원랜드,
121,갤럭시아에스엠,
122,경농,
123,경동나비엔,
124,경동도시가스,
125,경동인베스트,
126,경방,
127,경보제약,
128,경인양행,
129,경인전자,
130,계룡건설,
131,계양전기,
132,고려산업,
133,고려아연,
134,고려제강,
135,광동제약,
136,광명전기,
137,광전자,
138,광주신세계,
139,교보증권,
140,국도화학,
141,국동,
142,국보,
143,국제약품,
144,그린케미칼,
145,극동유화,
146,금강공업,
147,금비,
148,금양,
149,금호산업,
150,금호석유,
151,금호에이치티,
152,금호전기,
153,금호타이어,
154,기신정기,
155,기아차,
156,기업은행,
157,까뮤이앤씨,
158,깨끗한나라,
159,남광토건,
160,남선알미늄,
161,남성,
162,남양유업,
163,남해화학,
164,넥센,
165,넥센타이어,
166,넥스트사이언스,
167,넷마블,
168,노루페인트,
169,노루홀딩스,
170,녹십자,
171,녹십자홀딩스,
172,농심,
173,농심홀딩스,
174,다스코,
175,다우기술,
176,대교,
177,대구백화점,
178,대덕,
179,대덕전자,
180,대동공업,
181,대동전자,
182,대림B&Co,
183,대림건설,
184,대림산업,
185,대림씨엔에스,
186,대림통상,
187,대상,
188,대상홀딩스,
189,대성산업,
190,대성에너지,
191,대성홀딩스,
192,대신증권,
193,대양금속,
194,대영포장,
195,대우건설,
196,대우부품,
197,대우조선해양,
198,대웅,
199,대웅제약,
200,대원강업,
201,대원전선,
202,대원제약,
203,대원화성,
204,대유에이텍,
205,대유플러스,
206,대창,
207,대창단조,
208,대한방직,
209,대한유화,
210,대한전선,
211,대한제강,
212,대한제당,
213,대한제분,
214,대한항공,
215,대한해운,
216,대한화섬,
217,대현,
218,대호에이엘,
219,더블유게임즈,
220,더존비즈온,
221,덕성,
222,덕양산업,
223,덴티움,
224,도화엔지니어링,
225,동국제강,
226,동남합성,
227,동방,
228,동방아그로,
229,동부건설,
230,동서,
231,동성제약,
232,동성코퍼레이션,
233,동성화학,
234,동아쏘시오홀딩스,
235,동아에스티,
236,동아지질,
237,동아타이어,
238,동양,
239,동양고속,
240,동양물산,
241,동양생명,
242,동양철관,
243,동양피스톤,
244,동원F&B,
245,동원금속,
246,동원산업,
247,동원수산,
248,동원시스템즈,
249,동일고무벨트,
250,동일산업,
251,동일제강,
252,동화약품,
253,두산,
254,두산밥캣,
255,두산솔루스,
256,두산인프라코어,
257,두산중공업,
258,두산퓨얼셀,
259,두올,
260,드림텍,
261,디씨엠,
262,디아이,
263,디아이씨,
264,디와이,
265,디와이파워,
266,디티알오토모티브,
267,디피씨,
268,락앤락,
269,롯데관광개발,
270,롯데리츠,
271,롯데손해보험,
272,롯데쇼핑,
273,롯데정밀화학,
274,롯데정보통신,
275,롯데제과,
276,롯데지주,
277,롯데칠성,
278,롯데케미칼,
279,롯데푸드,
280,롯데하이마트,
281,마니커,
282,만도,
283,만호제강,
284,맥쿼리인프라,
285,메리츠금융지주,
286,메리츠증권,
287,메리츠화재,
288,메타랩스,
289,명문제약,
290,모나리자,
291,모나미,
292,모두투어리츠,
293,모토닉,
294,무림P&P,
295,무림페이퍼,
296,무학,
297,문배철강,
298,미래산업,
299,미래아이앤지,
300,미래에셋대우,
301,미래에셋맵스리츠,
302,미래에셋생명,
303,미원상사,
304,미원에스씨,
305,미원홀딩스,
306,미원화학,
307,미창석유,
308,바다로19호,
309,방림,
310,백광산업,
311,백산,
312,범양건영,
313,벽산,
314,보락,
315,보령제약,
316,보해양조,
317,부광약품,
318,부국증권,
319,부국철강,
320,부산가스,
321,부산산업,
322,부산주공,
323,비비안,
324,비상교육,
325,비케이탑스,
326,비티원,
327,빙그레,
328,사조대림,
329,사조동아원,
330,사조산업,
331,사조씨푸드,
332,사조오양,
333,삼광글라스,
334,삼부토건,
335,삼성SDI,
336,삼성공조,
337,삼성물산,
338,삼성바이오로직스,
339,삼성생명,
340,삼성에스디에스,
341,삼성엔지니어링,
342,삼성전기,
343,삼성전자,
344,삼성제약,
345,삼성중공업,
346,삼성증권,
347,삼성출판사,
348,삼성카드,
349,삼성화재,
350,삼아알미늄,
351,삼양사,
352,삼양식품,
353,삼양통상,
354,삼양패키징,
355,삼양홀딩스,
356,삼영무역,
357,삼영전자,
358,삼영화학,
359,삼원강재,
360,삼익THK,
361,삼익악기,
362,삼일제약,
363,삼정펄프,
364,삼진제약,
365,삼천리,
366,삼호개발,
367,삼화왕관,
368,삼화전기,
369,삼화전자,
370,삼화콘덴서,
371,삼화페인트,
372,상상인증권,
373,상신브레이크,
374,새론오토모티브,
375,샘표,
376,샘표식품,
377,서연,
378,서연이화,
379,서울가스,
380,서울식품,
381,서원,
382,서흥,
383,선도전기,
384,선진,
385,선창산업,
386,성문전자,
387,성보화학,
388,성신양회,
389,성안,
390,성창기업지주,
391,세기상사,
392,세방,
393,세방전지,
394,세아베스틸,
395,세아제강,
396,세아제강지주,
397,세아특수강,
398,세아홀딩스,
399,세우글로벌,
400,세원셀론텍,
401,세원정공,
402,세이브존I&C,
403,세종공업,
404,세진중공업,
405,세하,
406,세화아이엠씨,
407,센트랄모텍,
408,셀트리온,
409,송원산업,
410,수산중공업,
411,스카이라이프,
412,시디즈,
413,신대양제지,
414,신도리코,
415,신라교역,
416,신성이엔지,
417,신성통상,
418,신세계,
419,신세계 I&C,
420,신세계건설,
421,신세계인터내셔날,
422,신세계푸드,
423,신송홀딩스,
424,신영와코루,
425,신영증권,
426,신원,
427,신일전자,
428,신풍제약,
429,신풍제지,
430,신한알파리츠,
431,신한지주,
432,신화실업,
433,신흥,
434,쌍방울,
435,쌍용양회,
436,쌍용차,
437,써니전자,
438,쎌마테라퓨틱스,
439,씨아이테크,
440,씨에스윈드,
441,아남전자,
442,아모레G,
443,아모레퍼시픽,
444,아세아,
445,아세아시멘트,
446,아세아제지,
447,아시아나IDT,
448,아시아나항공,
449,아이마켓코리아,
450,아이에스동서,
451,아주캐피탈,
452,알루코,
453,애경산업,
454,애경유화,
455,에넥스,
456,에스엘,
457,에스원,
458,에쓰씨엔지니어링,
459,에어부산,
460,에이리츠,
461,에이블씨엔씨,
462,에이엔피,
463,에이프로젠 KIC,
464,에이프로젠제약,
465,엔씨소프트,
466,엔에스쇼핑,
467,엔케이,
468,엔케이물산,
469,영보화학,
470,영원무역,
471,영원무역홀딩스,
472,영진약품,
473,영풍,
474,영풍제지,
475,영화금속,
476,영흥,
477,예스코홀딩스,
478,오뚜기,
479,오리엔트바이오,
480,오리온,
481,오리온홀딩스,
482,용평리조트,
483,우리금융지주,
484,우리들제약,
485,우리들휴브레인,
486,우리종금,
487,우성사료,
488,우신시스템,
489,우진,
490,우진아이엔에스,
491,우진플라임,
492,웅진,
493,웅진씽크빅,
494,원림,
495,웰바이오텍,
496,윌비스,
497,유나이티드제약,
498,유니드,
499,유니온,
500,유니온머티리얼,
501,유니켐,
502,유니퀘스트,
503,유성기업,
504,유수홀딩스,
505,유안타증권,
506,유양디앤유,
507,유엔젤,
508,유유제약,
509,유진투자증권,
510,유한양행,
511,유화증권,
512,율촌화학,
513,이건산업,
514,이구산업,
515,이노션,
516,이리츠코크렙,
517,이마트,
518,이수페타시스,
519,이수화학,
520,이스타코,
521,이아이디,
522,이엔플러스,
523,이연제약,
524,이월드,
525,이지스레지던스리츠,
526,이지스밸류리츠,
527,이화산업,
528,인디에프,
529,인스코비,
530,인지컨트롤스,
531,인천도시가스,
532,인터지스,
533,인팩,
534,일동제약,
535,일동홀딩스,
536,일성건설,
537,일성신약,
538,일신방직,
539,일신석재,
540,일양약품,
541,일정실업,
542,일진다이아,
543,일진디스플,
544,일진머티리얼즈,
545,일진전기,
546,일진홀딩스,
547,잇츠한불,
548,자이에스앤디,
549,자화전자,
550,전방,
551,제이알글로벌리츠,
552,제이에스코퍼레이션,
553,제이준코스메틱,
554,제이콘텐트리,
555,제일기획,
556,제일약품,
557,제일연마,
558,제일파마홀딩스,
559,제주은행,
560,제주항공,
561,조광페인트,
562,조광피혁,
563,조비,
564,조선내화,
565,조선선재,
566,조일알미늄,
567,조흥,
568,종근당,
569,종근당바이오,
570,종근당홀딩스,
571,주연테크,
572,지누스,
573,지엠비코리아,
574,지역난방공사,
575,지코,
576,지투알,
577,진도,
578,진양산업,
579,진양폴리,
580,진양홀딩스,
581,진양화학,
582,진에어,
583,진원생명과학,
584,진흥기업,
585,참엔지니어링,
586,천일고속,
587,청호컴넷,
588,체시스,
589,카카오,
590,카프로,
591,컨버즈,
592,케이비아이동국실업,
593,케이씨,
594,케이씨씨글라스,
595,케이씨텍,
596,케이탑리츠,
597,코리아써키트,
598,코리아오토글라스,
599,코리안리,
600,코스맥스,
601,코스맥스비티아이,
602,코스모신소재,
603,코스모화학,
604,코아스,
605,코오롱,
606,코오롱글로벌,
607,코오롱머티리얼,
608,코오롱인더,
609,코오롱플라스틱,
610,코웨이,
611,콤텍시스템,
612,쿠쿠홀딩스,
613,쿠쿠홈시스,
614,큐로,
615,크라운제과,
616,크라운해태홀딩스,
617,키다리스튜디오,
618,키움증권,
619,키위미디어그룹,
620,태경비케이,
621,태경산업,
622,태경케미컬,
623,태광산업,
624,태림포장,
625,태양금속,
626,태영건설,
627,태원물산,
628,태평양물산,
629,테이팩스,
630,텔코웨어,
631,토니모리,
632,티에이치엔,
633,티웨이항공,
634,티웨이홀딩스,
635,파미셀,
636,팜스코,
637,팬오션,
638,퍼스텍,
639,퍼시스,
640,페이퍼코리아,
641,평화산업,
642,평화홀딩스,
643,포스코강판,
644,포스코인터내셔널,
645,포스코케미칼,
646,폴루스바이오팜,
647,풀무원,
648,풍산,
649,풍산홀딩스,
650,필룩스,
651,하나금융지주,
652,하나제약,
653,하나투어,
654,하이골드12호,
655,하이골드3호,
656,하이스틸,
657,하이트론,
658,하이트진로,
659,하이트진로홀딩스,
660,한국가스공사,
661,한국공항,
662,한국금융지주,
663,한국내화,
664,한국단자,
665,한국석유,
666,한국수출포장,
667,한국쉘석유,
668,한국자산신탁,
669,한국전력,
670,한국전자홀딩스,
671,한국조선해양,
672,한국종합기술,
673,한국주강,
674,한국주철관,
675,한국철강,
676,한국카본,
677,한국콜마,
678,한국콜마홀딩스,
679,한국타이어앤테크놀로지,
680,한국테크놀로지그룹,
681,한국토지신탁,
682,한국특수형강,
683,한국프랜지,
684,한국항공우주,
685,한국화장품,
686,한국화장품제조,
687,한농화성,
688,한독,
689,한라,
690,한라홀딩스,
691,한미글로벌,
692,한미반도체,
693,한미사이언스,
694,한미약품,
695,한샘,
696,한섬,
697,한성기업,
698,한세실업,
699,한세엠케이,
700,한세예스24홀딩스,
701,한솔PNS,
702,한솔로지스틱스,
703,한솔제지,
704,한솔케미칼,
705,한솔테크닉스,
706,한솔홀딩스,
707,한솔홈데코,
708,한신공영,
709,한신기계,
710,한양증권,
711,한온시스템,
712,한올바이오파마,
713,한익스프레스,
714,한일시멘트,
715,한일철강,
716,한일현대시멘트,
717,한일홀딩스,
718,한전KPS,
719,한전기술,
720,한전산업,
721,한진,
722,한진중공업,
723,한진중공업홀딩스,
724,한진칼,
725,한창,
726,한창제지,
727,한화,
728,한화생명,
729,한화손해보험,
730,한화솔루션,
731,한화시스템,
732,한화에어로스페이스,
733,한화투자증권,
734,해성디에스,
735,해태제과식품,
736,핸즈코퍼레이션,
737,현대건설,
738,현대건설기계,
739,현대그린푸드,
740,현대글로비스,
741,현대로템,
742,현대리바트,
743,현대모비스,
744,현대미포조선,
745,현대백화점,
746,현대비앤지스틸,
747,현대상사,
748,현대약품,
749,현대에너지솔루션,
750,현대에이치씨엔,
751,현대엘리베이,
752,현대오토에버,
753,현대위아,
754,현대일렉트릭,
755,현대제철,
756,현대중공업지주,
757,현대차,
758,현대차증권,
759,현대코퍼레이션홀딩스,
760,현대해상,
761,현대홈쇼핑,
762,형지엘리트,
763,혜인,
764,호전실업,
765,호텔신라,
766,화성산업,
767,화승알앤에이,
768,화승엔터프라이즈,
769,화승인더,
770,화신,
771,화인베스틸,
772,화천기계,
773,화천기공,
774,환인제약,
775,황금에스티,
776,효성,
777,효성ITX,
778,효성중공업,
779,효성첨단소재,
780,효성티앤씨,
781,효성화학,
782,후성,
783,휠라홀딩스,
784,휴니드,
785,휴비스,
786,휴스틸,
787,휴켐스,
788,흥국화재,
789,흥아해운3S,
790,3S,
791,APS홀딩스,
792,AP시스템,
793,AP위성,
794,CJ ENM,
795,CJ프레시웨이,
796,CMG제약,
797,CNH,
798,CS,
799,CSA 코스믹,
800,DB금융스팩7호,
801,DMS,
802,DSC인베스트먼트,
803,EDGC,
804,EG,
805,EMW,
806,GH신소재,
807,GST,
808,GS홈쇼핑,
809,GV,
810,HB테크놀러지,
811,HRS,
812,IBKS제10호스팩,
813,IBKS제11호스팩,
814,IBKS제12호스팩,
815,IBKS제13호스팩,
816,IBKS제14호스팩,
817,ISC,
818,ITX엠투엠,
819,JW신약,
820,JYP Ent.,
821,KBI메탈,
822,KB오토시스,
823,KCC건설,
824,KCI,
825,KD,
826,KG ETS,
827,KG모빌리언스,
828,KG이니시스,
829,KH바텍,
830,KMH,
831,KMH하이텍,
832,KNN,
833,KPX생명과학,
834,KTH,
835,KT서브마린,
836,MP그룹,
837,MP한강,
838,NEW,
839,NE능률,
840,NHN벅스,
841,NHN한국사이버결제,
842,NICE평가정보,
843,OQP,
844,PI첨단소재,
845,PN풍년,
846,RFHIC,
847,S&K폴리텍,
848,SBI인베스트먼트,
849,SBS콘텐츠허브,
850,SCI평가정보,
851,SDN,
852,SFA반도체,
853,SG,
854,SG&G,
855,SGA,
856,SGA솔루션즈,
857,SK4호스팩,
858,SK5호스팩,
859,SK6호스팩,
860,SKC 솔믹스,
861,SK머티리얼즈,
862,SK바이오랜드,
863,SM C&C,
864,SM Life Design,
865,SV인베스트먼트,
866,THE E&M,
867,THE MIDONG,
868,TJ미디어,
869,TPC,
870,TS인베스트먼트,
871,UCI,
872,WI,
873,W홀딩컴퍼니,
874,YBM넷,
875,YTN,
876,YW,
877,iMBC,
878,가비아,
879,가온미디어,
880,감마누,
881,강스템바이오텍,
882,강원,
883,갤럭시아컴즈,
884,게임빌,
885,경남바이오파마,
886,경남스틸,
887,경남제약,
888,경남제약헬스케어,
889,경동제약,
890,경창산업,
891,고려시멘트,
892,고려신용정보,
893,고려제약,
894,고영,
895,골드퍼시픽,
896,골프존,
897,골프존뉴딘홀딩스,
898,광림,
899,광진실업,
900,광진윈텍,
901,교보8호스팩,
902,교보9호스팩,
903,구영테크,
904,국보디자인,
905,국순당,
906,국영지앤엠,
907,국일신동,
908,국일제지,
909,그리티,
910,그린플러스,
911,글로벌텍스프리,
912,글로본,
913,글로스퍼랩스,
914,금강철강,
915,금화피에스시,
916,기가레인,
917,기산텔레콤,
918,까스텔바작,
919,나노,
920,나노브릭,
921,나노스,
922,나노신소재,
923,나노엔텍,
924,나노캠텍,
925,나라엠앤디,
926,나무가,
927,나무기술,
928,나스미디어,
929,나우IB,
930,나이벡,
931,나이스디앤비,
932,나이스정보통신,
933,나인테크,
934,남화산업,
935,남화토건,
936,내츄럴엔도텍,
937,네스엠,
938,네오셈,
939,네오오토,
940,네오위즈,
941,네오위즈홀딩스,
942,네오크레마,
943,네오티스,
944,네오팜,
945,네오펙트,
946,네온테크,
947,네이블,
948,네이처셀,
949,네패스,
950,넥스턴,
951,넥스트BT,
952,넥스트아이,
953,넥슨지티,
954,넵튠,
955,넷게임즈,
956,노랑풍선,
957,노바렉스,
958,노바텍,
959,노터스,
960,녹십자랩셀,
961,녹십자셀,
962,녹십자엠에스,
963,녹십자웰빙,
964,녹원씨엔아이,
965,농우바이오,
966,누리텔레콤,
967,누리플랜,
968,뉴로스,
969,뉴보텍,
970,뉴인텍,
971,뉴지랩,
972,뉴트리,
973,뉴파워프라즈마,
974,뉴프렉스,
975,다나와,
976,다날,
977,다믈멀티미디어,
978,다산네트웍스,
979,다우데이타,
980,다원시스,
981,대동금속,
982,대동기어,
983,대동스틸,
984,대륙제관,
985,대림제지,
986,대명소노시즌,
987,대모,
988,대보마그네틱,
989,대봉엘에스,
990,대성미생물,
991,대성엘텍,
992,대성창투,
993,대성파인텍,
994,대신밸런스제6호스팩,
995,대신밸런스제7호스팩,
996,대신밸런스제8호스팩,
997,대신정보통신,
998,대아티아이,
999,대양전기공업,
1000,대양제지,
1001,대원,
1002,대원미디어,
1003,대원산업,
1004,대유,
1005,대유에이피,
1006,대정화금,
1007,대주산업,
1008,대주전자재료,
1009,대창솔루션,
1010,대창스틸,
1011,대한과학,
1012,대한광통신,
1013,대한그린파워,
1014,대한뉴팜,
1015,대한약품,
1016,대호피앤씨,
1017,대화제약,
1018,더네이쳐홀딩스,
1019,더블유에프엠,
1020,덕산네오룩스,
1021,덕산테코피아,
1022,덕산하이메탈,
1023,덕신하우징,
1024,덕우전자,
1025,데브시스터즈,
1026,데이타솔루션,
1027,데일리블록체인,
1028,덱스터,
1029,덴티스,
1030,도이치모터스,
1031,동구바이오제약,
1032,동국S&C,
1033,동국산업,
1034,동국알앤에스,
1035,동국제약,
1036,동방선기,
1037,동성화인텍,
1038,동신건설,
1039,동아엘텍,
1040,동아화성,
1041,동양에스텍,
1042,동양이엔피,
1043,동양파일,
1044,동우팜투테이블,
1045,동운아나텍,
1046,동원개발,
1047,동일금속,
1048,동일기연,
1049,동일철강,
1050,동진쎄미켐,
1051,동화기업,
1052,듀오백,
1053,드래곤플라이,
1054,드림시큐리티,
1055,드림씨아이에스,
1056,드림어스컴퍼니,
1057,디딤,
1058,디바이스이엔지,
1059,디스플레이텍,
1060,디아이티,
1061,디알젬,
1062,디알텍,
1063,디앤씨미디어,
1064,디에스케이,
1065,디에스티,
1066,디에이치피코리아,
1067,디에이테크놀로지,
1068,디에이피,
1069,디엔에이링크,
1070,디엔에프,
1071,디엠티,
1072,디오,
1073,디오스텍,
1074,디와이피엔에프,
1075,디이엔티,
1076,디자인,
1077,디젠스,
1078,디지아이,
1079,디지캡,
1080,디지탈옵틱,
1081,디지털대성,
1082,디지틀조선,
1083,디케이디앤아이,
1084,디케이락,
1085,디케이앤디,
1086,디케이티,
1087,디티앤씨,
1088,딜리,
1089,라닉스,
1090,라온시큐어,
1091,라온피플,
1092,라이브파이낸셜,
1093,라이브플렉스,
1094,라이온켐텍,
1095,라이트론,
1096,라파스,
1097,램테크놀러지,
1098,랩지노믹스,
1099,러셀,
1100,럭슬,
1101,레고켐바이오,
1102,레드로버,
1103,레드캡투어,
1104,레몬,
1105,레이,
1106,레이언스,
1107,레이크머티리얼즈,
1108,로고스바이오,
1109,로보로보,
1110,로보스타,
1111,로보티즈,
1112,로지시스,
1113,로체시스템즈,
1114,루멘스,
1115,루미마이크로,
1116,루트로닉,
1117,룽투코리아,
1118,리노공업,
1119,리노스,
1120,리더스 기술투자,
1121,리더스코스메틱,
1122,리드코프,
1123,리메드,
1124,린드먼아시아,
1125,링네트,
1126,링크제니시스,
1127,마니커에프앤지,
1128,마이크로디지탈,
1129,마이크로컨텍솔,
1130,마이크로텍,
1131,마이크로프랜드,
1132,마크로밀엠브레인,
1133,마크로젠,
1134,매일유업,
1135,매일홀딩스,
1136,매직마이크로,
1137,매커스,
1138,맥스로텍,
1139,머큐리,
1140,멀티캠퍼스,
1141,메가스터디,
1142,메가스터디교육,
1143,메가엠디,
1144,메드팩토,
1145,메디아나,
1146,메디앙스,
1147,메디톡스,
1148,메디포럼제약,
1149,메디포스트,
1150,메디프론,
1151,메이슨캐피탈,
1152,메지온,
1153,메카로,
1154,메타바이오메드,
1155,메탈라이프,
1156,멕아이씨에스,
1157,멜파스,
1158,명성티엔에스,
1159,모다이노칩,
1160,모두투어,
1161,모바일리더,
1162,모바일어플라이언스,
1163,모베이스,
1164,모베이스전자,
1165,모비스,
1166,모아텍,
1167,모트렉스,
1168,모헨즈,
1169,무림SP,
1170,미디어젠,
1171,미래SCI,
1172,미래나노텍,
1173,미래생명자원,
1174,미래에셋대우스팩3호,
1175,미래에셋대우스팩4호,
1176,미래에셋벤처투자,
1177,미래컴퍼니,
1178,미래테크놀로지,
1179,미스터블루,
1180,미코,
1181,미투온,
1182,민앤지,
1183,바디텍메드,
1184,바른손,
1185,바른손이앤에이,
1186,바른전자,
1187,바른테크놀로지,
1188,바이넥스,
1189,바이오니아,
1190,바이오로그디바이스,
1191,바이오리더스,
1192,바이오솔루션,
1193,바이오스마트,
1194,바이오톡스텍,
1195,바이온,
1196,바텍,
1197,배럴,
1198,백금T&A,
1199,버추얼텍,
1200,버킷스튜디오,
1201,베뉴지,
1202,베셀,
1203,베스파,
1204,보광산업,
1205,보라티알,
1206,보성파워텍,
1207,본느,
1208,부방,
1209,부스타,
1210,뷰웍스,
1211,브랜드엑스코퍼레이션,
1212,브레인콘텐츠,
1213,브리지텍,
1214,브릿지바이오테라퓨틱스,
1215,브이원텍,
1216,브이티지엠피,
1217,블러썸엠앤씨,
1218,블루콤,
1219,비덴트,
1220,비디아이,
1221,비씨월드제약,
1222,비아트론,
1223,비에이치,
1224,비에이치아이,
1225,비엠티,
1226,비즈니스온,
1227,비츠로셀,
1228,비츠로시스,
1229,비츠로테크,
1230,비트컴퓨터,
1231,비피도,
1232,빅솔론,
1233,빅텍,
1234,빛샘전자,
1235,사람인에이치알,
1236,삼강엠앤티,
1237,삼기오토모티브,
1238,삼륭물산,
1239,삼목에스폼,
1240,삼보모터스,
1241,삼보산업,
1242,삼보판지,
1243,삼본전자,
1244,삼성머스트스팩3호,
1245,삼성스팩2호,
1246,삼아제약,
1247,삼양옵틱스,
1248,삼영엠텍,
1249,삼영이엔씨,
1250,삼일,
1251,삼일기업공사,
1252,삼지전자,
1253,삼진,
1254,삼진엘앤디,
1255,삼천당제약,
1256,삼천리자전거,
1257,삼표시멘트,
1258,삼현철강,
1259,삼화네트웍스,
1260,상보,
1261,상상인,
1262,상상인이안1호스팩,
1263,상상인이안제2호스팩,
1264,상상인인더스트리,
1265,상신이디피,
1266,상신전자,
1267,상아프론테크,
1268,상지카일룸,
1269,새로닉스,
1270,샘코,
1271,서남,
1272,서린바이오,
1273,서부T&D,
1274,서산,
1275,서암기계공업,
1276,서연탑메탈,
1277,서울리거,
1278,서울바이오시스,
1279,서울반도체,
1280,서울옥션,
1281,서울전자통신,
1282,서울제약,
1283,서원인텍,
1284,서전기전,
1285,서진시스템,
1286,서진오토모티브,
1287,서플러스글로벌,
1288,서한,
1289,서호전기,
1290,서희건설,
1291,선광,
1292,선데이토즈,
1293,선익시스템,
1294,성광벤드,
1295,성도이엔지,
1296,성우전자,
1297,성우테크론,
1298,성우하이텍,
1299,성창오토텍,
1300,성호전자,
1301,세경하이테크,
1302,세동,
1303,세명전기,
1304,세미콘라이트,
1305,세보엠이씨,
1306,세운메디칼,
1307,세원,
1308,세원물산,
1309,세종메디칼,
1310,세종텔레콤,
1311,세중,
1312,세진티에스,
1313,세코닉스,
1314,세틀뱅크,
1315,세화피앤씨,
1316,센트럴바이오,
1317,셀레믹스,
1318,셀루메드,
1319,셀리드,
1320,셀리버리,
1321,셀바스AI,
1322,셀바스헬스케어,
1323,셀트리온제약,
1324,셀트리온헬스케어,
1325,소리바다,
1326,소프트센,
1327,소프트캠프,
1328,손오공,
1329,솔고바이오,
1330,솔루에타,
1331,솔본,
1332,솔브레인,
1333,솔브레인홀딩스,
1334,솔트룩스,
1335,솔트웍스,
1336,쇼박스,
1337,수산아이앤티,
1338,수성,
1339,수젠텍,
1340,슈펙스비앤피,
1341,슈프리마,
1342,슈프리마아이디,
1343,슈프리마에이치큐,
1344,슈피겐코리아,
1345,스맥,
1346,스카이문스테크놀로지,
1347,스카이이앤엠,
1348,스킨앤스킨,
1349,스타모빌리티,
1350,스타플렉스,
1351,스튜디오드래곤,
1352,스페코,
1353,승일,
1354,시공테크,
1355,시그네틱스,
1356,시너지이노베이션,
1357,시노펙스,
1358,시스웍,
1359,시큐브,
1360,신도기연,
1361,신라섬유,
1362,신라에스지,
1363,신라젠,
1364,신성델타테크,
1365,신신제약,
1366,신영스팩5호,
1367,신영스팩6호,
1368,신원종합개발,
1369,신일제약,
1370,신진에스엠,
1371,신테카바이오,
1372,신한제5호스팩,
1373,신한제6호스팩,
1374,신화인터텍,
1375,신화콘텍,
1376,신흥에스이씨,
1377,실리콘웍스,
1378,심텍,
1379,심텍홀딩스,
1380,싸이맥스,
1381,싸이토젠,
1382,쌍용정보통신,
1383,썸에이지,
1384,쎄노텍,
1385,쎄니트,
1386,쎄미시스코,
1387,쎄트렉아이,
1388,쎌바이오텍,
1389,쏠리드,
1390,씨씨에스,
1391,씨아이에스,
1392,씨앤지하이테크,
1393,씨에스베어링,
1394,씨엔플러스,
1395,씨엠에스에듀,
1396,씨유메디칼,
1397,씨젠,
1398,씨큐브,
1399,씨티씨바이오,
1400,씨티케이코스메틱스,
1401,아가방컴퍼니,
1402,아나패스,
1403,아난티,
1404,아리온,
1405,아모그린텍,
1406,아모텍,
1407,아미노로직스,
1408,아미코젠,
1409,아바코,
1410,아바텍,
1411,아비코전자,
1412,아세아텍,
1413,아스타,
1414,아스트,
1415,아시아경제,
1416,아시아종묘,
1417,아우딘퓨쳐스,
1418,아이디스,
1419,아이디스홀딩스,
1420,아이센스,
1421,아이스크림에듀,
1422,아이쓰리시스템,
1423,아이씨디,
1424,아이씨케이,
1425,아이앤씨,
1426,아이에스이커머스,
1427,아이에이,
1428,아이에이네트웍스,
1429,아이엘사이언스,
1430,아이엠,
1431,아이엠이연이,
1432,아이엠텍,
1433,아이오케이,
1434,아이원스,
1435,아이즈비전,
1436,아이진,
1437,아이컴포넌트,
1438,아이큐어,
1439,아이크래프트,
1440,아이텍,
1441,아이톡시,
1442,아이티센,
1443,아이티엠반도체,
1444,아주IB투자,
1445,아즈텍WB,
1446,아진산업,
1447,아진엑스텍,
1448,아톤,
1449,아프리카TV,
1450,안국약품,
1451,안랩,
1452,안트로젠,
1453,알로이스,
1454,알리코제약,
1455,알서포트,
1456,알에스오토메이션,
1457,알에프세미,
1458,알에프텍,
1459,알엔투테크놀로지,
1460,알테오젠,
1461,알톤스포츠,
1462,알티캐스트,
1463,알파홀딩스,
1464,압타바이오,
1465,애니젠,
1466,애니플러스,
1467,액션스퀘어,
1468,액토즈소프트,
1469,액트,
1470,액트로,
1471,앤디포스,
1472,앤씨앤,
1473,앱클론,
1474,야스,
1475,양지사,
1476,어보브반도체,
1477,에너토크,
1478,에버다임,
1479,에스넷,
1480,에스디생명공학,
1481,에스디시스템,
1482,에스맥,
1483,에스모,
1484,에스모 머티리얼즈,
1485,에스씨디,
1486,에스씨엠생명과학,
1487,에스아이리소스,
1488,에스앤더블류,
1489,에스앤에스텍,
1490,에스에너지,
1491,에스에스알,
1492,에스에이엠티,
1493,에스에이티,
1494,에스에프에이,
1495,에스엔유,
1496,에스엠,
1497,에스엠코어,
1498,에스와이,
1499,에스제이그룹,
1500,에스제이케이,
1501,에스코넥,
1502,에스텍,
1503,에스텍파마,
1504,에스트래픽,
1505,에스티아이,
1506,에스티오,
1507,에스티큐브,
1508,에스티팜,
1509,에스폴리텍,
1510,에스퓨얼셀,
1511,에스피시스템스,
1512,에스피지,
1513,에쎈테크,
1514,에이디칩스,
1515,에이디테크놀로지,
1516,에이루트,
1517,에이비엘바이오,
1518,에이비프로바이오,
1519,에이스침대,
1520,에이스테크,
1521,에이스토리,
1522,에이씨티,
1523,에이아이비트,
1524,에이앤티앤,
1525,에이에프더블류,
1526,에이치시티,
1527,에이치엔티,
1528,에이치엘비,
1529,에이치엘비생명과학,
1530,에이치엘비파워,
1531,에이치엘사이언스,
1532,에이치엠씨제4호스팩,
1533,에이치케이,
1534,에이테크솔루션,
1535,에이텍,
1536,에이텍티앤,
1537,에이티넘인베스트,
1538,에이티세미콘,
1539,에이팩트,
1540,에이프런티어,
1541,에이프로,
1542,에이프로젠 H&G,
1543,에이피티씨,
1544,에치에프알,
1545,에코마이스터,
1546,에코마케팅,
1547,에코바이오,
1548,에코캡,
1549,에코프로,
1550,에코프로비엠,
1551,에코플라스틱,
1552,에프알텍,
1553,에프앤리퍼블릭,
1554,에프에스티,
1555,에프엔씨엔터,
1556,에프엔에스테크,
1557,엑사이엔씨,
1558,엑셈,
1559,엑스큐어,
1560,엑시콘,
1561,엔바이오니아,
1562,엔브이에이치코리아,
1563,엔시트론,
1564,엔에스,
1565,엔에스엔,
1566,엔에이치스팩13호,
1567,엔에이치스팩14호,
1568,엔에이치스팩15호,
1569,엔에이치스팩16호,
1570,엔지스테크널러지,
1571,엔지켐생명과학,
1572,엔케이맥스,
1573,엔터메이트,
1574,엔텔스,
1575,엔피디,
1576,엔피케이,
1577,엘디티,
1578,엘비세미콘,
1579,엘아이에스,
1580,엘앤씨바이오,
1581,엘앤에프,
1582,엘앤케이바이오,
1583,엘엠에스,
1584,엘오티베큠,
1585,엘이티,
1586,엘컴텍,
1587,엘티씨,
1588,엠게임,
1589,엠벤처투자,
1590,엠씨넥스,
1591,엠아이텍,
1592,엠에스씨,
1593,엠에스오토텍,
1594,엠젠플러스,
1595,엠케이전자,
1596,엠투아이,
1597,엠플러스,
1598,연우,
1599,영림원소프트랩,
1600,영신금속,
1601,영우디에스피,
1602,영풍정밀,
1603,영화테크,
1604,예림당,
1605,예선테크,
1606,예스24,
1607,예스티,
1608,오공,
1609,오디텍,
1610,오로라,
1611,오르비텍,
1612,오리엔탈정공,
1613,오리엔트정공,
1614,오리콤,
1615,오상자이엘,
1616,오성첨단소재,
1617,오션브릿지,
1618,오스코텍,
1619,오스테오닉,
1620,오스템,
1621,오스템임플란트,
1622,오이솔루션,
1623,오킨스전자,
1624,오텍,
1625,오파스넷,
1626,오픈베이스,
1627,올리패스,
1628,올릭스,
1629,옴니시스템,
1630,옵트론텍,
1631,옵티시스,
1632,옵티팜,
1633,와이솔,
1634,와이아이케이,
1635,와이엔텍,
1636,와이엠씨,
1637,와이엠티,
1638,와이오엠,
1639,와이제이엠게임즈,
1640,와이즈버즈,
1641,와이지-원,
1642,와이지엔터테인먼트,
1643,와이팜,
1644,와토스코리아,
1645,우노앤컴퍼니,
1646,우리기술,
1647,우리기술투자,
1648,우리넷,
1649,우리로,
1650,우리바이오,
1651,우리산업,
1652,우리산업홀딩스,
1653,우리손에프앤지,
1654,우리이앤엘,
1655,우리조명,
1656,우림기계,
1657,우수AMS,
1658,우양,
1659,우원개발,
1660,우정바이오,
1661,우주일렉트로,
1662,우진비앤지,
1663,원익,
1664,원익IPS,
1665,원익QnC,
1666,원익머트리얼즈,
1667,원익큐브,
1668,원익홀딩스,
1669,원일특강,
1670,원풍,
1671,원풍물산,
1672,월덱스,
1673,웨이브일렉트로,
1674,웰크론,
1675,웰크론한텍,
1676,웹스,
1677,웹젠,
1678,웹케시,
1679,위니아딤채,
1680,위닉스,
1681,위더스제약,
1682,위메이드,
1683,위세아이텍,
1684,위즈코프,
1685,위지윅스튜디오,
1686,위지트,
1687,윈스,
1688,윈텍,
1689,윈팩,
1690,윈하이텍,
1691,윌링스,
1692,유니셈,
1693,유니슨,
1694,유니온커뮤니티,
1695,유니크,
1696,유니테스트,
1697,유니테크노,
1698,유니트론텍,
1699,유라테크,
1700,유바이오로직스,
1701,유비벨록스,
1702,유비케어,
1703,유비쿼스,
1704,유비쿼스홀딩스,
1705,유성티엔에스,
1706,유신,
1707,유아이디,
1708,유아이엘,
1709,유안타제3호스팩,
1710,유안타제4호스팩,
1711,유안타제5호스팩,
1712,유안타제6호스팩,
1713,유앤아이,
1714,유에스티,
1715,유진기업,
1716,유진로봇,
1717,유진스팩4호,
1718,유진스팩5호,
1719,유진테크,
1720,유테크,
1721,유티아이,
1722,유틸렉스,
1723,육일씨엔에쓰,
1724,율호,
1725,이건홀딩스,
1726,이그잭스,
1727,이글루시큐리티,
1728,이글벳,
1729,이노메트리,
1730,이노와이어리스,
1731,이노와이즈,
1732,이노인스트루먼트,
1733,이노테라피,
1734,이녹스,
1735,이녹스첨단소재,
1736,이니텍,
1737,이더블유케이,
1738,이디티,
1739,이라이콤,
1740,이랜시스,
1741,이랜텍,
1742,이루다,
1743,이루온,
1744,이매진아시아,
1745,이미지스,
1746,이베스트스팩5호,
1747,이베스트이안스팩1호,
1748,이베스트투자증권,
1749,이상네트웍스,
1750,이수앱지스,
1751,이스트소프트,
1752,이씨에스,
1753,이에스에이,
1754,이엑스티,
1755,이엔드디,
1756,이엔에프테크놀로지,
1757,이엘피,
1758,이엠넷,
1759,이엠앤아이,
1760,이엠코리아,
1761,이엠텍,
1762,이오테크닉스,
1763,이원컴포텍,
1764,이즈미디어,
1765,이지바이오,
1766,이지웰,
1767,이지케어텍,
1768,이지홀딩스,
1769,이큐셀,
1770,이크레더블,
1771,이테크건설,
1772,이트론,
1773,이퓨쳐,
1774,이화공영,
1775,이화전기,
1776,인바디,
1777,인베니아,
1778,인산가,
1779,인선이엔티,
1780,인성정보,
1781,인지디스플레,
1782,인콘,
1783,인크로스,
1784,인탑스,
1785,인터로조,
1786,인터엠,
1787,인터파크,
1788,인터플렉스,
1789,인텍플러스,
1790,인텔리안테크,
1791,인트로메딕,
1792,인트론바이오,
1793,인포마크,
1794,인포바인,
1795,인포뱅크,
1796,인프라웨어,
1797,인피니트헬스케어,
1798,인화정공,
1799,일신바이오,
1800,일야,
1801,일지테크,
1802,일진파워,
1803,잉크테크,
1804,자비스,
1805,자안,
1806,자연과환경,
1807,자이글,
1808,장원테크,
1809,재영솔루텍,
1810,전진바이오팜,
1811,전파기지국,
1812,정다운,
1813,정산애강,
1814,정상제이엘에스,
1815,정원엔시스,
1816,제낙스,
1817,제너셈,
1818,제넥신,
1819,제넨바이오,
1820,제노레이,
1821,제노포커스,
1822,제놀루션,
1823,제닉,
1824,제로투세븐,
1825,제룡산업,
1826,제룡전기,
1827,제우스,
1828,제이브이엠,
1829,제이스텍,
1830,제이씨케미칼,
1831,제이씨현시스템,
1832,제이앤티씨,
1833,제이에스티나,
1834,제이엔케이히터,
1835,제이엘케이,
1836,제이엠아이,
1837,제이엠티,
1838,제이웨이,
1839,제이티,
1840,제일바이오,
1841,제일제강,
1842,제일테크노스,
1843,제주반도체,
1844,제테마,
1845,젠큐릭스,
1846,젬백스,
1847,젬백스링크,
1848,젬백스지오,
1849,조광ILI,
1850,조아제약,
1851,조이맥스,
1852,조이시티,
1853,좋은사람들,
1854,주성엔지니어링,
1855,줌인터넷,
1856,중앙백신,
1857,중앙에너비스,
1858,중앙오션,
1859,지노믹트리,
1860,지니뮤직,
1861,지니언스,
1862,지니틱스,
1863,지란지교시큐리티,
1864,지스마트글로벌,
1865,지어소프트,
1866,지에스이,
1867,지엔씨에너지,
1868,지엔원에너지,
1869,지엔코,
1870,지엘팜텍,
1871,지와이커머스,
1872,지트리비앤티,
1873,지티지웰니스,
1874,진로발효,
1875,진매트릭스,
1876,진바이오텍,
1877,진성티이씨,
1878,진양제약,
1879,차바이오텍,
1880,참좋은여행,
1881,창해에탄올,
1882,천랩,
1883,천보,
1884,청담러닝,
1885,청보산업,
1886,체리부로,
1887,초록뱀,
1888,칩스앤미디어,
1889,카스,
1890,카이노스메드,
1891,카페24,
1892,캐리소프트,
1893,캐스텍코리아,
1894,캔서롭,
1895,캠시스,
1896,컴투스,
1897,컴퍼니케이,
1898,케어랩스,
1899,케어젠,
1900,케이디켐,
1901,케이맥,
1902,케이비17호스팩,
1903,케이비제18호스팩,
1904,케이비제19호스팩,
1905,케이비제20호스팩,
1906,케이사인,
1907,케이씨에스,
1908,케이씨티,
1909,케이씨피드,
1910,케이아이엔엑스,
1911,케이에스피,
1912,케이엔더블유,
1913,케이엔제이,
1914,케이엘넷,
1915,케이엠,
1916,케이엠더블유,
1917,케이엠제약,
1918,케이프,
1919,케이프이에스제4호,
1920,케이피에스,
1921,케이피에프,
1922,케이피엠테크,
1923,케이피티유,
1924,켄코아에어로스페이스,
1925,켐온,
1926,켐트로닉스,
1927,켐트로스,
1928,코나아이,
1929,코너스톤네트웍스,
1930,코닉글로리,
1931,코다코,
1932,코데즈컴바인,
1933,코드네이처,
1934,코디,
1935,코디엠,
1936,코렌,
1937,코렌텍,
1938,코리아나,
1939,코리아센터,
1940,코리아에셋투자증권,
1941,코리아에스이,
1942,코리아에프티,
1943,코맥스,
1944,코메론,
1945,코미코,
1946,코미팜,
1947,코세스,
1948,코센,
1949,코스나인,
1950,코스맥스엔비티,
1951,코스메카코리아,
1952,코스온,
1953,코아스템,
1954,코아시아,
1955,코엔텍,
1956,코오롱생명과학,
1957,코웰패션,
1958,코위버,
1959,코윈테크,
1960,코이즈,
1961,코콤,
1962,코텍,
1963,코프라,
1964,콜마비앤에이치,
1965,큐렉소,
1966,큐로컴,
1967,큐로홀딩스,
1968,큐리언트,
1969,큐브앤컴퍼니,
1970,큐브엔터,
1971,큐에스아이,
1972,큐캐피탈,
1973,크로바하이텍,
1974,크루셜텍,
1975,크리스에프앤씨,
1976,크리스탈,
1977,크린앤사이언스,
1978,클래시스,
1979,클리오,
1980,키네마스터,
1981,키움제5호스팩,
1982,키이스트,
1983,타이거일렉,
1984,탑엔지니어링,
1985,태광,
1986,태양,
1987,태웅,
1988,태웅로직스,
1989,테고사이언스,
1990,테라사이언스,
1991,테라셈,
1992,테라젠이텍스,
1993,테스,
1994,테스나,
1995,테크윙,
1996,텔레칩스,
1997,텔레필드,
1998,텔콘RF제약,
1999,토박스코리아,
2000,토비스,
2001,토탈소프트,
2002,톱텍,
2003,투비소프트,
2004,트루윈,
2005,특수건설,
2006,티라유텍,
2007,티로보틱스,
2008,티비씨,
2009,티사이언티픽,
2010,티씨케이,
2011,티앤알바이오팹,
2012,티에스아이,
2013,티에스이,
2014,티엘아이,
2015,티움바이오,
2016,티케이케미칼,
2017,티플랙스,
2018,티피씨글로벌,
2019,팅크웨어,
2020,파나진,
2021,파라다이스,
2022,파라텍,
2023,파루,
2024,파마리서치프로덕트,
2025,파멥신,
2026,파버나인,
2027,파세코,
2028,파수,
2029,파워넷,
2030,파워로직스,
2031,파이오링크,
2032,파인디앤씨,
2033,파인디지털,
2034,파인테크닉스,
2035,파인텍,
2036,파커스,
2037,파크시스템스,
2038,파트론,
2039,파티게임즈,
2040,팍스넷,
2041,판타지오,
2042,팜스빌,
2043,팜스토리,
2044,패션플랫폼,
2045,팬스타엔터프라이즈,
2046,팬엔터테인먼트,
2047,팬젠,
2048,펄어비스,
2049,펌텍코리아,
2050,펩트론,
2051,평화정공,
2052,포메탈,
2053,포비스티앤씨,
2054,포스링크,
2055,포스코 ICT,
2056,포스코엠텍,
2057,포시에스,
2058,포인트엔지니어링,
2059,포티스,
2060,푸드나무,
2061,푸드웰,
2062,푸른기술,
2063,푸른저축은행,
2064,풍강,
2065,풍국주정,
2066,퓨전,
2067,퓨쳐스트림네트웍스,
2068,퓨쳐켐,
2069,프럼파스트,
2070,프로스테믹스,
2071,프로텍,
2072,프리엠스,
2073,플랜티넷,
2074,플레이디,
2075,플레이위드,
2076,플리토,
2077,플리트 엔터테인먼트,
2078,피델릭스,
2079,피씨디렉트,
2080,피씨엘,
2081,피앤씨테크,
2082,피앤이솔루션,
2083,피에스엠씨,
2084,피에스케이,
2085,피에스케이홀딩스,
2086,피에스텍,
2087,피엔티,
2088,피제이메탈,
2089,피제이전자,
2090,피피아이,
2091,픽셀플러스,
2092,필로시스헬스케어,
2093,필옵틱스,
2094,하나금융14호스팩,
2095,하나금융15호스팩,
2096,하나금융16호스팩,
2097,하나마이크론,
2098,하나머스트제6호스팩,
2099,하나머티리얼즈,
2100,하림,
2101,하림지주,
2102,하이로닉,
2103,하이록코리아,
2104,하이비젼시스템,
2105,하이소닉,
2106,하이제4호스팩,
2107,하이제5호스팩,
2108,하이즈항공,
2109,하이텍팜,
2110,하츠,
2111,한국가구,
2112,한국경제TV,
2113,한국기업평가,
2114,한국맥널티,
2115,한국바이오젠,
2116,한국비엔씨,
2117,한국선재,
2118,한국아트라스비엑스,
2119,한국알콜,
2120,한국유니온제약,
2121,한국전자금융,
2122,한국전자인증,
2123,한국정밀기계,
2124,한국정보공학,
2125,한국정보인증,
2126,한국정보통신,
2127,한국제7호스팩,
2128,한국제8호스팩,
2129,한국캐피탈,
2130,한국컴퓨터,
2131,한국코퍼레이션,
2132,한국큐빅,
2133,한국테크놀로지,
2134,한국파마,
2135,한국팩키지,
2136,한글과컴퓨터,
2137,한네트,
2138,한독크린텍,
2139,한라IMS,
2140,한류AI센터,
2141,한류타임즈,
2142,한빛소프트,
2143,한솔인티큐브,
2144,한송네오텍,
2145,한스바이오메드,
2146,한양디지텍,
2147,한양이엔지,
2148,한일네트웍스,
2149,한일단조,
2150,한일사료,
2151,한일진공,
2152,한일화학,
2153,한창산업,
2154,한컴MDS,
2155,한컴위드,
2156,한탑,
2157,한프,
2158,한화에스비아이스팩,
2159,한화플러스제1호스팩,
2160,해덕파워웨이,
2161,해마로푸드서비스,
2162,해성산업,
2163,해성옵틱스,
2164,핸디소프트,
2165,행남사,
2166,헬릭스미스,
2167,현대공업,
2168,현대바이오,
2169,현대사료,
2170,현대통신,
2171,현우산업,
2172,현진소재,
2173,형지I&C,
2174,홈센타홀딩스,
2175,홈캐스트,
2176,화성밸브,
2177,화신정공,
2178,화일약품,
2179,효성오앤비,
2180,휘닉스소재,
2181,휴네시온,
2182,휴림로봇,
2183,휴마시스,
2184,휴맥스,
2185,휴맥스홀딩스,
2186,휴메딕스,
2187,휴비츠,
2188,휴온스,
2189,휴온스글로벌,
2190,휴젤,
2191,흥구석유,
2192,흥국,
2193,흥국에프엔비,
2194,희림,
2195,힘스,
